feature,missing_value
random_value,0.0
dol_amount,0.0
payment_id,0.0
anch_pay_qty,0.0
cust_id,0.0
Unnamed: 0,0.00012750223128910054
anch_avg_dist,0.014280249904373377
anch_max_dist,0.014280249904373377
anch_min_dist,0.016447787836287087
tpay_as_payer_all_regular_qty_90d,0.04360576310085429
tpay_as_payer_all_regular_amt_90d,0.04360576310085429
tpay_as_payer_all_regular_distinct_users_90d,0.04360576310085429
anch_app_pay_qty,0.055080963916868564
tpay_all_accfund_amt_90d,0.0675761825831952
tpay_all_accfund_qty_90d,0.0675761825831952
tpay_dcard_accfund_amt_90d,0.0756088231544052
tpay_dcard_accfund_qty_90d,0.0756088231544052
tpay_as_payer_all_regular_distinct_users_30d,0.07764885885502992
tpay_as_payer_all_regular_amt_30d,0.07764885885502992
tpay_as_payer_all_regular_qty_30d,0.07764885885502992
tpay_as_payer_all_regular_app_qty_90d,0.08160142802499049
tpay_as_payer_all_regular_app_amt_90d,0.08160142802499049
tpay_as_payer_fp_doc_n_app_amt_90d,0.09141909983424712
tpay_as_payer_fp_doc_n_app_qty_90d,0.09141909983424712
tpay_as_payer_fp_doc_n_app_distinct_users_90d,0.09141909983424712
tpay_all_accfund_qty_30d,0.10722937651408904
tpay_all_accfund_amt_30d,0.10722937651408904
tpay_all_app_qty_90d,0.11564452377916612
tpay_all_app_max_amt_90d,0.11564452377916612
tpay_all_app_distinct_users_90d,0.11564452377916612
tpay_all_app_min_amt_90d,0.11564452377916612
tpay_all_app_amt_90d,0.11564452377916612
tpay_dcard_accfund_qty_30d,0.11666454162947848
tpay_dcard_accfund_amt_30d,0.11666454162947848
tpay_as_payer_all_regular_app_qty_30d,0.11691954609205657
tpay_as_payer_all_regular_app_amt_30d,0.11691954609205657
tpay_as_payer_fp_dev_n_app_qty_90d,0.11704704832334567
tpay_as_payer_fp_dev_n_app_distinct_users_90d,0.11704704832334567
tpay_as_payer_fp_dev_n_app_amt_90d,0.11704704832334567
tpay_as_payer_fp_tc_n_app_distinct_users_90d,0.12495218666326657
tpay_as_payer_fp_tc_n_app_amt_90d,0.12495218666326657
tpay_as_payer_fp_tc_n_app_qty_90d,0.12495218666326657
tpay_all_accfund_app_qty_90d,0.12571720005100084
tpay_all_accfund_app_amt_90d,0.12571720005100084
tpay_as_payer_fp_tc_any_n_app_qty_90d,0.12673721790131331
tpay_as_payer_fp_tc_any_n_app_amt_90d,0.12673721790131331
tpay_as_payer_fp_tc_any_n_app_distinct_users_90d,0.12673721790131331
tpay_as_payer_card_regular_distinct_users_90d,0.1297972714522504
tpay_as_payer_card_regular_amt_90d,0.1297972714522504
tpay_as_payer_card_regular_qty_90d,0.1297972714522504
tpay_as_payer_fp_doc_n_app_amt_30d,0.13311232946576568
tpay_as_payer_fp_doc_n_app_qty_30d,0.13311232946576568
tpay_as_payer_fp_doc_n_app_distinct_users_30d,0.13311232946576568
risk,0.13362233839092186
tpay_dcard_accfund_app_qty_90d,0.14127247226826467
tpay_dcard_accfund_app_amt_90d,0.14127247226826467
tpay_all_app_max_amt_30d,0.16014280249904378
tpay_all_app_amt_30d,0.16014280249904378
tpay_all_app_min_amt_30d,0.16014280249904378
tpay_all_app_qty_30d,0.16014280249904378
tpay_all_app_distinct_users_30d,0.16014280249904378
tpay_all_accfund_app_qty_30d,0.17391304347826086
tpay_all_accfund_app_amt_30d,0.17391304347826086
tpay_as_payer_fp_tc_any_n_app_amt_30d,0.17773811041693233
tpay_as_payer_fp_tc_any_n_app_distinct_users_30d,0.17773811041693233
tpay_as_payer_fp_tc_any_n_app_qty_30d,0.17773811041693233
tpay_as_payer_fp_dev_n_app_distinct_users_30d,0.18194568404947087
tpay_as_payer_fp_dev_n_app_amt_30d,0.18194568404947087
tpay_as_payer_fp_dev_n_app_qty_30d,0.18194568404947087
tpay_dcard_accfund_app_qty_30d,0.19087084023970424
tpay_dcard_accfund_app_amt_30d,0.19087084023970424
tpay_as_payer_fp_tc_n_app_qty_30d,0.19775596072931279
tpay_as_payer_fp_tc_n_app_amt_30d,0.19775596072931279
tpay_as_payer_fp_tc_n_app_distinct_users_30d,0.19775596072931279
tpay_as_payer_accmoney_regular_amt_90d,0.19928598750478133
tpay_as_payer_accmoney_regular_distinct_users_90d,0.19928598750478133
tpay_as_payer_accmoney_regular_qty_90d,0.19928598750478133
tpay_as_payer_accmoney_regular_app_amt_90d,0.21726380211653706
tpay_as_payer_accmoney_regular_app_qty_90d,0.21726380211653706
tpay_as_payer_card_regular_app_amt_90d,0.22593395384419224
tpay_as_payer_card_regular_app_qty_90d,0.22593395384419224
tpay_as_payer_all_regular_amt_7d,0.2266989672319265
tpay_as_payer_all_regular_distinct_users_7d,0.2266989672319265
tpay_as_payer_all_regular_qty_7d,0.2266989672319265
tpay_all_accfund_qty_7d,0.25819201836032135
tpay_all_accfund_amt_7d,0.25819201836032135
tpay_as_payer_accmoney_regular_qty_30d,0.265459645543797
tpay_as_payer_accmoney_regular_distinct_users_30d,0.265459645543797
tpay_as_payer_accmoney_regular_amt_30d,0.265459645543797
tpay_dcard_accfund_amt_7d,0.27196225933953844
tpay_dcard_accfund_qty_7d,0.27196225933953844
tpay_as_payer_card_regular_distinct_users_30d,0.27476730842789754
tpay_as_payer_card_regular_amt_30d,0.27476730842789754
tpay_as_payer_card_regular_qty_30d,0.27476730842789754
tpay_as_payer_accmoney_regular_app_amt_30d,0.284202473543287
tpay_as_payer_accmoney_regular_app_qty_30d,0.284202473543287
tpay_as_payer_all_regular_app_qty_7d,0.28496748693102125
tpay_as_payer_all_regular_app_amt_7d,0.28496748693102125
tpay_all_rej_distinct_users_90d,0.28560499808746653
tpay_dcard_accfund_rej_qty_90d,0.3030728037740661
tpay_all_accfund_rej_qty_90d,0.3030728037740661
tpay_dcard_accfund_rej_amt_90d,0.3030728037740661
tpay_all_accfund_rej_amt_90d,0.3030728037740661
tpay_as_payer_fp_doc_n_app_amt_7d,0.3156955246716817
tpay_as_payer_fp_doc_n_app_qty_7d,0.3156955246716817
tpay_as_payer_fp_doc_n_app_distinct_users_7d,0.3156955246716817
tpay_any_free_pass_ratio_over_free_pass_aplicable_90d,0.3265332143312508
tpay_fp_any_y_app_distinct_users_90d,0.3265332143312508
tpay_any_free_pass_ratio_over_total_90d,0.3265332143312508
tpay_fp_any_y_app_amt_90d,0.3265332143312508
tpay_fp_any_y_app_qty_90d,0.3265332143312508
tpay_all_app_min_amt_7d,0.33698839729695274
tpay_all_app_qty_7d,0.33698839729695274
tpay_all_app_amt_7d,0.33698839729695274
tpay_all_app_max_amt_7d,0.33698839729695274
tpay_all_app_distinct_users_7d,0.33698839729695274
tpay_fp_tc_any_y_app_qty_90d,0.34693357133749836
tpay_fp_tc_any_y_app_distinct_users_90d,0.34693357133749836
tpay_fp_tc_any_y_app_amt_90d,0.34693357133749836
tpay_all_accfund_app_amt_7d,0.3545837052148413
tpay_all_accfund_app_qty_7d,0.3545837052148413
crosses_qty_1h_ht_user_count,0.36350886140507455
tpay_as_payer_all_regular_rej_qty_90d,0.36605890603085556
tpay_as_payer_all_regular_rej_amt_90d,0.36605890603085556
tpay_as_payer_card_regular_app_amt_30d,0.37370903990819837
tpay_as_payer_card_regular_app_qty_30d,0.37370903990819837
tpay_dcard_accfund_app_qty_7d,0.37638658676526837
tpay_dcard_accfund_app_amt_7d,0.37638658676526837
tpay_fp_any_y_app_distinct_users_30d,0.380721662629096
tpay_fp_any_y_app_qty_30d,0.380721662629096
tpay_fp_any_y_app_amt_30d,0.380721662629096
tpay_any_free_pass_ratio_over_free_pass_aplicable_30d,0.380721662629096
tpay_as_payer_card_regular_rej_amt_90d,0.380721662629096
tpay_any_free_pass_ratio_over_total_30d,0.380721662629096
tpay_as_payer_card_regular_rej_qty_90d,0.380721662629096
tpay_as_payer_fp_tc_any_n_app_distinct_users_7d,0.38250669386714264
tpay_as_payer_fp_tc_any_n_app_qty_7d,0.38250669386714264
tpay_as_payer_fp_tc_any_n_app_amt_7d,0.38250669386714264
tpay_as_payer_fp_dev_n_app_amt_7d,0.3893918143567513
tpay_as_payer_fp_dev_n_app_distinct_users_7d,0.3893918143567513
tpay_as_payer_fp_dev_n_app_qty_7d,0.3893918143567513
tpay_fp_dev_n_app_amt_90d,0.39538441922733647
tpay_fp_dev_n_app_qty_90d,0.39538441922733647
tpay_fp_dev_n_app_distinct_users_90d,0.39538441922733647
tpay_all_rej_distinct_users_30d,0.3976794593905393
tpay_fp_tc_n_app_distinct_users_90d,0.4032895575672574
tpay_fp_tc_n_app_qty_90d,0.4032895575672574
tpay_fp_tc_n_app_amt_90d,0.4032895575672574
tpay_as_payer_fp_tc_n_app_qty_7d,0.4058396021930384
tpay_as_payer_fp_tc_n_app_amt_7d,0.4058396021930384
tpay_as_payer_fp_tc_n_app_distinct_users_7d,0.4058396021930384
tpay_all_accfund_rej_qty_30d,0.4110671936758893
tpay_all_accfund_rej_amt_30d,0.4110671936758893
tpay_dcard_accfund_rej_qty_30d,0.4110671936758893
tpay_dcard_accfund_rej_amt_30d,0.4110671936758893
tpay_fp_tc_y_app_max_amt_90d,0.41285222491393603
tpay_fp_tc_y_app_distinct_users_90d,0.41285222491393603
tpay_fp_tc_y_app_amt_90d,0.41285222491393603
tpay_fp_tc_y_app_qty_90d,0.41285222491393603
tpay_fp_tc_any_y_app_distinct_users_30d,0.41425474945811547
tpay_fp_tc_any_y_app_qty_30d,0.41425474945811547
tpay_fp_tc_any_y_app_amt_30d,0.41425474945811547
tpay_fp_dev_y_app_qty_90d,0.4345276042330741
tpay_fp_dev_y_app_max_amt_90d,0.4345276042330741
tpay_fp_dev_y_app_distinct_users_90d,0.4345276042330741
tpay_fp_dev_y_app_amt_90d,0.4345276042330741
tpay_fp_tc_any_n_app_max_amt_90d,0.4562029835522121
tpay_fp_tc_any_n_app_distinct_users_90d,0.4562029835522121
tpay_fp_tc_any_n_app_qty_90d,0.4562029835522121
tpay_fp_tc_any_n_app_amt_90d,0.4562029835522121
tpay_as_payer_accmoney_regular_qty_7d,0.46602065536146886
tpay_as_payer_accmoney_regular_distinct_users_7d,0.46602065536146886
tpay_as_payer_accmoney_regular_amt_7d,0.46602065536146886
tpay_as_payer_fp_tc_any_y_app_distinct_users_90d,0.4676781843682264
tpay_as_payer_fp_tc_any_y_app_amt_90d,0.4676781843682264
tpay_as_payer_fp_tc_any_y_app_qty_90d,0.4676781843682264
tpay_fp_tc_y_app_distinct_users_30d,0.47660334055845976
tpay_as_payer_fp_tc_y_app_distinct_users_90d,0.47660334055845976
tpay_as_payer_fp_tc_y_app_amt_90d,0.47660334055845976
tpay_as_payer_fp_tc_y_app_qty_90d,0.47660334055845976
tpay_fp_tc_y_app_amt_30d,0.47660334055845976
tpay_fp_tc_y_app_qty_30d,0.47660334055845976
tpay_fp_tc_y_app_max_amt_30d,0.47660334055845976
crosses_qty_1h_oc_user_count,0.4917761060818564
tpay_fp_tc_n_rej_qty_90d,0.49343363508861404
tpay_fp_tc_n_rej_amt_90d,0.49343363508861404
tpay_as_payer_accmoney_regular_app_amt_7d,0.4972587020272855
tpay_as_payer_accmoney_regular_app_qty_7d,0.4972587020272855
tpay_fp_dev_y_app_qty_30d,0.5000637511156445
tpay_fp_dev_y_app_distinct_users_30d,0.5000637511156445
tpay_fp_dev_y_app_amt_30d,0.5000637511156445
tpay_fp_dev_y_app_max_amt_30d,0.5000637511156445
tpay_all_accfund_amt_1d,0.5138339920948616
tpay_all_accfund_qty_1d,0.5138339920948616
tpay_fp_tc_n_app_amt_30d,0.5170215478770879
tpay_fp_tc_n_app_qty_30d,0.5170215478770879
tpay_fp_tc_n_app_distinct_users_30d,0.5170215478770879
tpay_as_payer_fp_dev_y_app_qty_90d,0.5209741170470483
tpay_as_payer_fp_dev_y_app_amt_90d,0.5209741170470483
tpay_as_payer_fp_dev_y_app_distinct_users_90d,0.5209741170470483
tpay_dcard_accfund_amt_1d,0.5213566237409155
tpay_dcard_accfund_qty_1d,0.5213566237409155
tpay_as_payer_card_regular_distinct_users_7d,0.5232691572102512
tpay_as_payer_card_regular_amt_7d,0.5232691572102512
tpay_as_payer_card_regular_qty_7d,0.5232691572102512
tpay_fp_dev_n_app_qty_30d,0.5288792553869692
tpay_fp_dev_n_app_amt_30d,0.5288792553869692
tpay_fp_dev_n_app_distinct_users_30d,0.5288792553869692
tpay_fp_dev_n_rej_qty_90d,0.5298992732372816
tpay_fp_dev_n_rej_amt_90d,0.5298992732372816
tpay_fp_tc_any_n_rej_qty_90d,0.5407369628968507
tpay_fp_tc_any_n_rej_amt_90d,0.5407369628968507
tpay_any_free_pass_ratio_over_free_pass_aplicable_7d,0.5418844829784522
tpay_fp_any_y_app_distinct_users_7d,0.5418844829784522
tpay_any_free_pass_ratio_over_total_7d,0.5418844829784522
tpay_fp_any_y_app_qty_7d,0.5418844829784522
tpay_fp_any_y_app_amt_7d,0.5418844829784522
tpay_all_rej_distinct_users_7d,0.544434527604233
tpay_as_payer_all_regular_canc_amt_90d,0.5466020655361469
tpay_as_payer_all_regular_canc_qty_90d,0.5466020655361469
tpay_dcard_accfund_rej_qty_7d,0.5517021547877088
tpay_all_accfund_rej_qty_7d,0.5517021547877088
tpay_all_accfund_rej_amt_7d,0.5517021547877088
tpay_dcard_accfund_rej_amt_7d,0.5517021547877088
tpay_fp_tc_any_n_app_amt_30d,0.5652173913043479
tpay_fp_tc_any_n_app_distinct_users_30d,0.5652173913043479
tpay_fp_tc_any_n_app_qty_30d,0.5652173913043479
tpay_fp_tc_any_n_app_max_amt_30d,0.5652173913043479
tpay_as_payer_all_regular_rej_qty_30d,0.5663649113859492
tpay_as_payer_all_regular_rej_amt_30d,0.5663649113859492
crosses_qty_1h_od_user_count,0.5749075608823154
tpay_fp_tc_any_y_app_distinct_users_7d,0.5805176590590335
tpay_fp_tc_any_y_app_qty_7d,0.5805176590590335
tpay_fp_tc_any_y_app_amt_7d,0.5805176590590335
tpay_as_payer_card_regular_rej_amt_30d,0.5819201836032131
tpay_as_payer_card_regular_rej_qty_30d,0.5819201836032131
tpay_as_payer_all_regular_amt_1d,0.5936503888818054
tpay_as_payer_all_regular_distinct_users_1d,0.5936503888818054
tpay_as_payer_all_regular_qty_1d,0.5936503888818054
tpay_all_rej_hr_distinct_users_90d,0.5953079178885631
tpay_fp_tc_n_rej_amt_30d,0.6029580517659059
points,0.6029580517659059
tpay_fp_tc_n_rej_qty_30d,0.6029580517659059
tpay_as_payer_fp_tc_y_app_distinct_users_30d,0.6069106209358663
tpay_as_payer_fp_tc_y_app_amt_30d,0.6069106209358663
tpay_as_payer_fp_tc_y_app_qty_30d,0.6069106209358663
tpay_as_payer_card_regular_app_qty_7d,0.6199158485273493
tpay_as_payer_card_regular_app_amt_7d,0.6199158485273493
tpay_as_payer_new_dev_app_distinct_users_90d,0.6252709422414893
tpay_as_payer_new_dev_app_amt_90d,0.6252709422414893
tpay_as_payer_new_dev_app_qty_90d,0.6252709422414893
tpay_as_payer_fp_tc_any_y_app_amt_30d,0.6253984444727783
tpay_as_payer_fp_tc_any_y_app_distinct_users_30d,0.6253984444727783
tpay_as_payer_fp_tc_any_y_app_qty_30d,0.6253984444727783
tpay_all_app_max_amt_1d,0.6316460538059416
tpay_all_app_qty_1d,0.6316460538059416
tpay_all_app_amt_1d,0.6316460538059416
tpay_all_app_distinct_users_1d,0.6316460538059416
tpay_all_app_min_amt_1d,0.6316460538059416
tpay_as_payer_accmoney_regular_canc_amt_90d,0.6321560627310978
tpay_as_payer_accmoney_regular_canc_qty_90d,0.6321560627310978
tpay_fp_tc_y_app_max_amt_7d,0.6338135917378553
tpay_fp_tc_y_app_qty_7d,0.6338135917378553
tpay_fp_tc_y_app_distinct_users_7d,0.6338135917378553
tpay_fp_tc_y_app_amt_7d,0.6338135917378553
tpay_fp_dev_y_app_distinct_users_7d,0.6373836542139488
tpay_fp_dev_y_app_max_amt_7d,0.6373836542139488
tpay_fp_dev_y_app_amt_7d,0.6373836542139488
tpay_fp_dev_y_app_qty_7d,0.6373836542139488
tpay_fp_dev_n_rej_qty_30d,0.6385311742955502
tpay_fp_dev_n_rej_amt_30d,0.6385311742955502
tpay_fp_tc_any_n_rej_amt_30d,0.6399336988397297
tpay_fp_tc_any_n_rej_qty_30d,0.6399336988397297
tpay_all_accfund_app_amt_1d,0.6463088104041821
tpay_all_accfund_app_qty_1d,0.6463088104041821
tpay_fp_tc_n_app_amt_7d,0.6484763483360959
tpay_fp_tc_n_app_distinct_users_7d,0.6484763483360959
tpay_fp_tc_n_app_qty_7d,0.6484763483360959
tpay_as_payer_fp_dev_y_app_qty_30d,0.654213948744103
tpay_as_payer_fp_dev_y_app_amt_30d,0.654213948744103
tpay_as_payer_fp_dev_y_app_distinct_users_30d,0.654213948744103
tpay_dcard_accfund_app_amt_1d,0.6563814866760168
tpay_dcard_accfund_app_qty_1d,0.6563814866760168
tpay_fp_tc_n_rej_hr_qty_90d,0.6635216116282034
tpay_fp_tc_n_rej_hr_amt_90d,0.6635216116282034
tpay_fp_tc_n_rej_hr_distinct_users_90d,0.6635216116282034
tpay_all_rej_hr_distinct_users_30d,0.6681116919546093
tpay_fp_dev_n_app_qty_7d,0.6765268392196864
tpay_fp_dev_n_app_distinct_users_7d,0.6765268392196864
tpay_fp_dev_n_app_amt_7d,0.6765268392196864
tpay_as_payer_all_regular_app_qty_1d,0.6880020400357006
tpay_as_payer_all_regular_app_amt_1d,0.6880020400357006
tpay_fp_tc_any_n_app_amt_7d,0.6905520846614817
tpay_fp_tc_any_n_app_distinct_users_7d,0.6905520846614817
tpay_fp_tc_any_n_app_qty_7d,0.6905520846614817
tpay_fp_tc_any_n_app_max_amt_7d,0.6905520846614817
tpay_all_rej_distinct_users_1d,0.6961621828381996
tpay_fp_dev_n_rej_hr_distinct_users_90d,0.6973097029198011
tpay_fp_dev_n_rej_hr_amt_90d,0.6973097029198011
tpay_fp_dev_n_rej_hr_qty_90d,0.6973097029198011
tpay_all_accfund_rej_amt_1d,0.6993497386204259
tpay_dcard_accfund_rej_qty_1d,0.6993497386204259
tpay_dcard_accfund_rej_amt_1d,0.6993497386204259
tpay_all_accfund_rej_qty_1d,0.6993497386204259
tpay_fp_tc_n_rej_amt_7d,0.7015172765523396
tpay_fp_tc_n_rej_qty_7d,0.7015172765523396
is_restricted,0.702282289940074
tpay_fp_tc_any_n_rej_hr_distinct_users_90d,0.7039398189468316
tpay_fp_tc_any_n_rej_hr_qty_90d,0.7039398189468316
tpay_fp_tc_any_n_rej_hr_amt_90d,0.7039398189468316
tpay_as_payer_fp_doc_n_app_qty_1d,0.7063623613413235
tpay_as_payer_fp_doc_n_app_distinct_users_1d,0.7063623613413235
tpay_as_payer_fp_doc_n_app_amt_1d,0.7063623613413235
tpay_fp_tc_n_rej_hr_qty_30d,0.7331378299120235
tpay_fp_tc_n_rej_hr_distinct_users_30d,0.7331378299120235
tpay_fp_tc_n_rej_hr_amt_30d,0.7331378299120235
tpay_fp_tc_any_n_rej_qty_7d,0.734540354456203
tpay_fp_tc_any_n_rej_amt_7d,0.734540354456203
tpay_as_payer_all_regular_canc_amt_30d,0.7350503633813592
tpay_as_payer_all_regular_canc_qty_30d,0.7350503633813592
tpay_new_dev_ratio_over_total_90d,0.7395129414764758
tpay_new_dev_app_distinct_users_90d,0.7395129414764758
tpay_new_dev_app_amt_90d,0.7395129414764758
tpay_new_dev_app_qty_90d,0.7395129414764758
tpay_new_dev_app_avg_amt_90d,0.7395129414764758
tpay_new_dev_app_max_amt_90d,0.7395129414764758
tpay_as_payer_fp_tc_any_n_app_amt_1d,0.7397679459390539
tpay_as_payer_fp_tc_any_n_app_qty_1d,0.7397679459390539
tpay_as_payer_fp_tc_any_n_app_distinct_users_1d,0.7397679459390539
tpay_fp_dev_n_rej_qty_7d,0.740022950401632
tpay_fp_dev_n_rej_amt_7d,0.740022950401632
tpay_as_payer_fp_dev_n_app_qty_1d,0.7486931021292873
tpay_as_payer_fp_dev_n_app_amt_1d,0.7486931021292873
tpay_as_payer_fp_dev_n_app_distinct_users_1d,0.7486931021292873
tpay_as_payer_accmoney_regular_qty_1d,0.7499681244421778
tpay_as_payer_accmoney_regular_distinct_users_1d,0.7499681244421778
tpay_as_payer_accmoney_regular_amt_1d,0.7499681244421778
tpay_as_payer_all_regular_rej_qty_7d,0.7523906668366697
tpay_as_payer_all_regular_rej_amt_7d,0.7523906668366697
tpay_as_payer_fp_tc_n_app_qty_1d,0.7563432360066301
tpay_as_payer_fp_tc_n_app_amt_1d,0.7563432360066301
tpay_as_payer_fp_tc_n_app_distinct_users_1d,0.7563432360066301
tpay_all_rej_hr_distinct_users_7d,0.7573632538569425
tpay_fp_tc_any_n_rej_hr_qty_30d,0.7616983297207701
tpay_fp_tc_any_n_rej_hr_amt_30d,0.7616983297207701
tpay_fp_tc_any_n_rej_hr_distinct_users_30d,0.7616983297207701
tpay_fp_dev_n_rej_hr_distinct_users_30d,0.7627183475710825
tpay_fp_dev_n_rej_hr_amt_30d,0.7627183475710825
tpay_fp_dev_n_rej_hr_qty_30d,0.7627183475710825
tpay_as_payer_card_regular_rej_amt_7d,0.7628458498023716
tpay_as_payer_card_regular_rej_qty_7d,0.7628458498023716
tpay_as_payer_new_dev_app_qty_30d,0.7674359301287772
tpay_as_payer_new_dev_app_amt_30d,0.7674359301287772
tpay_as_payer_new_dev_app_distinct_users_30d,0.7674359301287772
tpay_as_payer_accmoney_regular_canc_amt_30d,0.7680734412852225
tpay_as_payer_accmoney_regular_canc_qty_30d,0.7680734412852225
tpay_fp_any_y_app_amt_1d,0.7699859747545582
tpay_any_free_pass_ratio_over_free_pass_aplicable_1d,0.7699859747545582
tpay_any_free_pass_ratio_over_total_1d,0.7699859747545582
tpay_fp_any_y_app_distinct_users_1d,0.7699859747545582
tpay_fp_any_y_app_qty_1d,0.7699859747545582
tpay_as_payer_fp_tc_y_app_distinct_users_7d,0.7870712737472906
tpay_as_payer_fp_tc_y_app_qty_7d,0.7870712737472906
tpay_as_payer_fp_tc_y_app_amt_7d,0.7870712737472906
tpay_as_payer_card_regular_amt_1d,0.7920438607675635
tpay_as_payer_card_regular_distinct_users_1d,0.7920438607675635
tpay_as_payer_card_regular_qty_1d,0.7920438607675635
tpay_fp_tc_any_y_app_distinct_users_1d,0.7976539589442815
tpay_fp_tc_any_y_app_qty_1d,0.7976539589442815
tpay_fp_tc_any_y_app_amt_1d,0.7976539589442815
tpay_fp_tc_n_rej_qty_1d,0.7977814611755706
tpay_fp_tc_n_app_qty_1d,0.7977814611755706
tpay_fp_tc_n_rej_amt_1d,0.7977814611755706
tpay_fp_tc_n_app_amt_1d,0.7977814611755706
tpay_fp_tc_n_app_distinct_users_1d,0.7977814611755706
tpay_fp_tc_n_rej_hr_amt_7d,0.8027540481958434
tpay_fp_tc_n_rej_hr_distinct_users_7d,0.8027540481958434
tpay_fp_tc_n_rej_hr_qty_7d,0.8027540481958434
tpay_new_dev_app_amt_30d,0.8054315950529134
tpay_new_dev_app_avg_amt_30d,0.8054315950529134
tpay_new_dev_ratio_over_total_30d,0.8054315950529134
tpay_new_dev_app_distinct_users_30d,0.8054315950529134
tpay_new_dev_app_max_amt_30d,0.8054315950529134
tpay_new_dev_app_qty_30d,0.8054315950529134
tpay_as_payer_accmoney_regular_app_qty_1d,0.8104041820731863
tpay_as_payer_accmoney_regular_app_amt_1d,0.8104041820731863
tpay_all_accfund_canc_qty_90d,0.8109141909983425
tpay_all_accfund_canc_amt_90d,0.8109141909983425
cbk,0.8123167155425219
growth_rate_1h_ht_30d,0.8137192400867015
tpay_as_payer_fp_tc_any_y_app_qty_7d,0.8143567512431468
tpay_as_payer_fp_tc_any_y_app_distinct_users_7d,0.8143567512431468
tpay_as_payer_fp_tc_any_y_app_amt_7d,0.8143567512431468
tpay_fp_dev_n_app_distinct_users_1d,0.8172893025627949
tpay_fp_dev_n_app_qty_1d,0.8172893025627949
tpay_fp_dev_n_app_amt_1d,0.8172893025627949
tpay_as_payer_fp_dev_y_app_distinct_users_7d,0.8179268137192401
tpay_as_payer_fp_dev_y_app_amt_7d,0.8179268137192401
tpay_as_payer_fp_dev_y_app_qty_7d,0.8179268137192401
tpay_fp_dev_y_app_distinct_users_1d,0.8198393471885758
tpay_fp_dev_y_app_qty_1d,0.8198393471885758
tpay_fp_dev_y_app_amt_1d,0.8198393471885758
tpay_fp_dev_y_app_max_amt_1d,0.8198393471885758
tpay_off_app_qty_90d,0.8200943516511539
tpay_off_app_max_amt_90d,0.8200943516511539
tpay_off_ratio_over_total_90d,0.8200943516511539
tpay_off_app_amt_90d,0.8200943516511539
tpay_off_app_distinct_users_90d,0.8200943516511539
tpay_fp_tc_any_n_rej_qty_1d,0.8244294275149815
tpay_fp_tc_any_n_rej_amt_1d,0.8244294275149815
tpay_fp_tc_any_n_rej_hr_qty_7d,0.825576947596583
tpay_fp_tc_any_n_rej_hr_amt_7d,0.825576947596583
tpay_fp_tc_any_n_rej_hr_distinct_users_7d,0.825576947596583
tpay_fp_dev_n_rej_amt_1d,0.8273619788346296
tpay_fp_dev_n_rej_qty_1d,0.8273619788346296
tpay_api_app_qty_90d,0.8290195078413872
tpay_api_app_distinct_users_90d,0.8290195078413872
tpay_api_ratio_over_total_90d,0.8290195078413872
tpay_api_app_max_amt_90d,0.8290195078413872
tpay_api_app_amt_90d,0.8290195078413872
tpay_fp_tc_any_n_app_max_amt_1d,0.8297845212291215
tpay_fp_tc_any_n_app_distinct_users_1d,0.8297845212291215
tpay_fp_tc_any_n_app_amt_1d,0.8297845212291215
tpay_fp_tc_any_n_app_qty_1d,0.8297845212291215
tpay_fp_dev_n_rej_hr_amt_7d,0.8323345658549024
tpay_fp_dev_n_rej_hr_distinct_users_7d,0.8323345658549024
tpay_fp_dev_n_rej_hr_qty_7d,0.8323345658549024
tpay_fp_tc_y_app_distinct_users_1d,0.8347571082493943
tpay_fp_tc_y_app_amt_1d,0.8347571082493943
tpay_fp_tc_y_app_qty_1d,0.8347571082493943
tpay_fp_tc_y_app_max_amt_1d,0.8347571082493943
tpay_all_rej_hr_distinct_users_1d,0.8352671171745505
tpay_as_payer_all_transfer_distinct_users_90d,0.8394746908070891
tpay_as_payer_all_transfer_qty_90d,0.8394746908070891
tpay_as_payer_all_transfer_amt_90d,0.8394746908070891
tpay_new_dev_rej_hr_qty_90d,0.8421522376641591
tpay_new_dev_rej_hr_distinct_users_90d,0.8421522376641591
tpay_new_dev_rej_hr_amt_90d,0.8421522376641591
crosses_qty_1h_ht_fraud_confirmed_user_count,0.8518424072421267
tpay_registered_app_amt_90d,0.8560499808746653
tpay_registered_app_distinct_users_90d,0.8560499808746653
tpay_registered_ratio_over_total_90d,0.8560499808746653
tpay_registered_app_qty_90d,0.8560499808746653
growth_rate_1h_oc_30d,0.8561774831059543
tpay_fp_doc_n_app_amt_90d,0.857835012112712
tpay_fp_doc_n_app_distinct_users_90d,0.857835012112712
tpay_fp_doc_n_app_max_amt_90d,0.857835012112712
tpay_fp_doc_n_app_qty_90d,0.857835012112712
tpay_off_app_distinct_users_30d,0.860512558969782
tpay_off_app_amt_30d,0.860512558969782
tpay_off_ratio_over_total_30d,0.860512558969782
tpay_off_app_max_amt_30d,0.860512558969782
tpay_off_app_qty_30d,0.860512558969782
tpay_as_payer_ticket_regular_amt_90d,0.8614050745888053
tpay_as_payer_ticket_regular_distinct_users_90d,0.8614050745888053
tpay_as_payer_ticket_regular_qty_90d,0.8614050745888053
tpay_fp_tc_n_rej_hr_qty_1d,0.8630626035955629
tpay_fp_tc_n_rej_hr_amt_1d,0.8630626035955629
tpay_fp_tc_n_rej_hr_distinct_users_1d,0.8630626035955629
tpay_as_payer_card_regular_app_amt_1d,0.865867652683922
tpay_as_payer_card_regular_app_qty_1d,0.865867652683922
tpay_api_ratio_over_total_30d,0.8662501593777892
tpay_api_app_amt_30d,0.8662501593777892
tpay_api_app_max_amt_30d,0.8662501593777892
tpay_api_app_distinct_users_30d,0.8662501593777892
tpay_api_app_qty_30d,0.8662501593777892
tpay_as_payer_all_transfer_app_amt_90d,0.871222746398062
tpay_as_payer_all_transfer_app_qty_90d,0.871222746398062
tpay_new_dev_rej_hr_distinct_users_30d,0.8755578222618896
tpay_new_dev_rej_hr_qty_30d,0.8755578222618896
growth_rate_1h_ht_15d,0.8755578222618896
tpay_new_dev_rej_hr_amt_30d,0.8755578222618896
tpay_as_payer_all_transfer_amt_30d,0.8802754048195843
tpay_as_payer_all_transfer_distinct_users_30d,0.8802754048195843
tpay_as_payer_all_transfer_qty_30d,0.8802754048195843
crosses_qty_1h_oc_fraud_confirmed_user_count,0.882060436057631
tpay_fp_tc_any_n_rej_hr_amt_1d,0.8823154405202092
tpay_fp_tc_any_n_rej_hr_distinct_users_1d,0.8823154405202092
tpay_fp_tc_any_n_rej_hr_qty_1d,0.8823154405202092
tpay_all_transfer_amt_90d,0.8829529516766543
tpay_all_transfer_qty_90d,0.8829529516766543
tpay_as_payer_accmoney_transfer_distinct_users_90d,0.8835904628330996
tpay_as_payer_accmoney_transfer_qty_90d,0.8835904628330996
tpay_as_payer_accmoney_transfer_amt_90d,0.8835904628330996
tpay_dcard_accfund_canc_amt_90d,0.8841004717582558
tpay_dcard_accfund_canc_qty_90d,0.8841004717582558
tpay_as_payer_all_regular_rej_amt_1d,0.8865230141527477
tpay_as_payer_all_regular_rej_qty_1d,0.8865230141527477
tpay_all_accfund_canc_qty_30d,0.8867780186153258
tpay_all_accfund_canc_amt_30d,0.8867780186153258
tpay_fp_dev_n_rej_hr_distinct_users_1d,0.887288027540482
tpay_fp_dev_n_rej_hr_amt_1d,0.887288027540482
tpay_fp_dev_n_rej_hr_qty_1d,0.887288027540482
tpay_as_payer_accmoney_transfer_app_amt_90d,0.8890730587785286
tpay_as_payer_accmoney_transfer_app_qty_90d,0.8890730587785286
tpay_as_payer_card_regular_rej_amt_1d,0.890093076628841
tpay_as_payer_card_regular_rej_qty_1d,0.890093076628841
tpay_fp_user_y_app_qty_90d,0.8923881167920439
tpay_fp_user_y_app_distinct_users_90d,0.8923881167920439
tpay_fp_user_y_app_amt_90d,0.8923881167920439
tpay_all_regular_amt_90d,0.8934081346423562
tpay_all_regular_qty_90d,0.8934081346423562
tpay_all_transfer_app_qty_90d,0.898125717200051
tpay_all_transfer_app_distinct_users_90d,0.898125717200051
tpay_all_transfer_app_amt_90d,0.898125717200051
tpay_as_payer_all_regular_canc_amt_7d,0.8994007395129415
tpay_as_payer_all_regular_canc_qty_7d,0.8994007395129415
tpay_registered_app_distinct_users_30d,0.9016957796761443
tpay_registered_app_qty_30d,0.9016957796761443
tpay_registered_ratio_over_total_30d,0.9016957796761443
tpay_registered_app_amt_30d,0.9016957796761443
growth_rate_1h_oc_15d,0.9025882952951677
tpay_fp_doc_n_app_amt_30d,0.9027157975264567
tpay_fp_doc_n_app_qty_30d,0.9027157975264567
tpay_fp_doc_n_app_max_amt_30d,0.9027157975264567
tpay_fp_doc_n_app_distinct_users_30d,0.9027157975264567
tpay_as_payer_new_dev_app_distinct_users_7d,0.9029708019890348
tpay_as_payer_new_dev_app_amt_7d,0.9029708019890348
tpay_as_payer_new_dev_app_qty_7d,0.9029708019890348
tpay_as_payer_ticket_regular_app_amt_90d,0.9059033533086829
tpay_as_payer_ticket_regular_app_qty_90d,0.9059033533086829
tpay_accmoney_transfer_qty_90d,0.9066683666964171
tpay_accmoney_transfer_amt_90d,0.9066683666964171
tpay_as_payer_all_transfer_app_qty_30d,0.9067958689277063
tpay_as_payer_all_transfer_app_amt_30d,0.9067958689277063
tpay_new_dev_app_distinct_users_7d,0.9069233711589952
tpay_new_dev_app_qty_7d,0.9069233711589952
tpay_new_dev_app_amt_7d,0.9069233711589952
tpay_new_dev_app_max_amt_7d,0.9069233711589952
tpay_new_dev_ratio_over_total_7d,0.9069233711589952
tpay_new_dev_app_avg_amt_7d,0.9069233711589952
tpay_all_regular_app_amt_90d,0.9089634068596201
tpay_all_regular_app_qty_90d,0.9089634068596201
tpay_all_regular_app_distinct_users_90d,0.9089634068596201
tpay_accmoney_transfer_app_qty_90d,0.9111309447915339
tpay_accmoney_transfer_app_amt_90d,0.9111309447915339
tpay_accmoney_transfer_app_distinct_users_90d,0.9111309447915339
crosses_qty_1h_od_fraud_confirmed_user_count,0.9112584470228229
tpay_as_payer_accmoney_regular_canc_qty_7d,0.9139359938798929
tpay_as_payer_accmoney_regular_canc_amt_7d,0.9139359938798929
tpay_as_payer_accmoney_transfer_amt_30d,0.9148285094989163
tpay_as_payer_accmoney_transfer_qty_30d,0.9148285094989163
tpay_as_payer_accmoney_transfer_distinct_users_30d,0.9148285094989163
tpay_dcard_accfund_canc_amt_30d,0.9153385184240724
tpay_dcard_accfund_canc_qty_30d,0.9153385184240724
tpay_all_transfer_amt_30d,0.9166135407369629
tpay_all_transfer_qty_30d,0.9166135407369629
tpay_as_payer_card_transfer_qty_90d,0.9192910875940329
tpay_as_payer_card_transfer_amt_90d,0.9192910875940329
tpay_as_payer_card_transfer_distinct_users_90d,0.9192910875940329
tpay_as_payer_accmoney_transfer_app_amt_30d,0.9203111054443452
tpay_as_payer_accmoney_transfer_app_qty_30d,0.9203111054443452
growth_rate_1h_od_30d,0.9219686344511029
tpay_new_dev_rej_hr_distinct_users_7d,0.9232436567639933
tpay_new_dev_rej_hr_amt_7d,0.9232436567639933
tpay_new_dev_rej_hr_qty_7d,0.9232436567639933
tpay_all_transfer_app_distinct_users_30d,0.9265587147775086
tpay_all_transfer_app_qty_30d,0.9265587147775086
tpay_all_transfer_app_amt_30d,0.9265587147775086
growth_rate_1h_ht_7d,0.9274512303965319
tpay_fp_user_y_app_amt_30d,0.9278337370903991
tpay_fp_user_y_app_qty_30d,0.9278337370903991
tpay_fp_user_y_app_distinct_users_30d,0.9278337370903991
tpay_off_app_distinct_users_7d,0.9280887415529772
tpay_off_app_qty_7d,0.9280887415529772
tpay_off_app_max_amt_7d,0.9280887415529772
tpay_off_app_amt_7d,0.9280887415529772
tpay_off_ratio_over_total_7d,0.9280887415529772
tpay_all_regular_amt_30d,0.9289812571720005
tpay_all_regular_qty_30d,0.9289812571720005
tpay_api_app_qty_7d,0.9296187683284457
tpay_api_app_max_amt_7d,0.9296187683284457
tpay_api_app_amt_7d,0.9296187683284457
tpay_api_app_distinct_users_7d,0.9296187683284457
tpay_api_ratio_over_total_7d,0.9296187683284457
tpay_as_payer_card_regular_canc_qty_90d,0.930256279484891
tpay_as_payer_card_regular_canc_amt_90d,0.930256279484891
tpay_as_payer_all_transfer_distinct_users_7d,0.9307662884100472
tpay_as_payer_all_transfer_qty_7d,0.9307662884100472
tpay_as_payer_all_transfer_amt_7d,0.9307662884100472
tpay_as_payer_ticket_regular_canc_qty_90d,0.9321688129542267
tpay_all_accfund_canc_amt_7d,0.9321688129542267
tpay_all_accfund_canc_qty_7d,0.9321688129542267
tpay_as_payer_ticket_regular_canc_amt_90d,0.9321688129542267
tpay_accmoney_transfer_amt_30d,0.9322963151855157
tpay_accmoney_transfer_qty_30d,0.9322963151855157
tpay_as_payer_fp_tc_y_app_qty_1d,0.9325513196480939
tpay_as_payer_fp_tc_y_app_distinct_users_1d,0.9325513196480939
tpay_as_payer_fp_tc_y_app_amt_1d,0.9325513196480939
tpay_as_payer_ticket_regular_amt_30d,0.9345913553487186
tpay_as_payer_ticket_regular_qty_30d,0.9345913553487186
tpay_as_payer_ticket_regular_distinct_users_30d,0.9345913553487186
tpay_new_dev_ratio_over_registered_90d,0.93573887543032
tpay_fp_user_n_app_max_amt_90d,0.9359938798928982
tpay_accmoney_transfer_app_qty_30d,0.9359938798928982
tpay_accmoney_transfer_app_amt_30d,0.9359938798928982
tpay_fp_user_n_app_distinct_users_90d,0.9359938798928982
tpay_fp_user_n_app_qty_90d,0.9359938798928982
tpay_accmoney_transfer_app_distinct_users_30d,0.9359938798928982
tpay_fp_user_n_app_amt_90d,0.9359938798928982
tpay_card_regular_qty_90d,0.9361213821241872
tpay_fp_all_n_app_distinct_users_90d,0.9361213821241872
tpay_fp_all_n_app_max_amt_90d,0.9361213821241872
tpay_no_free_pass_ratio_over_free_pass_aplicable_90d,0.9361213821241872
tpay_fp_all_n_app_qty_90d,0.9361213821241872
tpay_fp_all_n_app_amt_90d,0.9361213821241872
tpay_card_regular_amt_90d,0.9361213821241872
tpay_accmoney_regular_qty_90d,0.9387989289812572
tpay_accmoney_regular_amt_90d,0.9387989289812572
tpay_fp_doc_n_rej_amt_90d,0.9398189468315695
tpay_fp_doc_n_rej_qty_90d,0.9398189468315695
tpay_as_payer_accmoney_regular_rej_qty_90d,0.9405839602193038
tpay_all_regular_app_amt_30d,0.9405839602193038
tpay_as_payer_accmoney_regular_rej_amt_90d,0.9405839602193038
tpay_all_regular_app_qty_30d,0.9405839602193038
tpay_all_regular_app_distinct_users_30d,0.9405839602193038
tpay_as_payer_card_transfer_distinct_users_30d,0.940966466913171
tpay_as_payer_card_transfer_amt_30d,0.940966466913171
tpay_as_payer_card_transfer_qty_30d,0.940966466913171
tpay_accmoney_regular_app_amt_90d,0.9413489736070382
tpay_accmoney_regular_app_distinct_users_90d,0.9413489736070382
tpay_accmoney_regular_app_qty_90d,0.9413489736070382
growth_rate_1h_oc_7d,0.9418589825321944
tpay_dcard_accfund_canc_amt_7d,0.9427514981512176
tpay_dcard_accfund_canc_qty_7d,0.9427514981512176
tpay_as_payer_fp_dev_y_app_amt_1d,0.9432615070763738
tpay_as_payer_fp_dev_y_app_qty_1d,0.9432615070763738
tpay_as_payer_fp_dev_y_app_distinct_users_1d,0.9432615070763738
tpay_as_payer_all_transfer_rej_qty_90d,0.9442815249266863
tpay_as_payer_all_transfer_rej_amt_90d,0.9442815249266863
tpay_as_payer_card_transfer_rej_amt_90d,0.9446640316205533
tpay_as_payer_card_transfer_rej_qty_90d,0.9446640316205533
tpay_as_payer_all_transfer_app_qty_7d,0.9458115517021548
tpay_registered_app_distinct_users_7d,0.9458115517021548
tpay_registered_app_qty_7d,0.9458115517021548
tpay_registered_ratio_over_total_7d,0.9458115517021548
tpay_as_payer_all_transfer_app_amt_7d,0.9458115517021548
tpay_registered_app_amt_7d,0.9458115517021548
tpay_as_payer_fp_tc_any_y_app_distinct_users_1d,0.9467040673211782
tpay_as_payer_fp_tc_any_y_app_amt_1d,0.9467040673211782
tpay_as_payer_fp_tc_any_y_app_qty_1d,0.9467040673211782
tpay_fp_doc_n_app_qty_7d,0.9472140762463344
tpay_fp_doc_n_app_max_amt_7d,0.9472140762463344
tpay_fp_doc_n_app_distinct_users_7d,0.9472140762463344
tpay_fp_doc_n_app_amt_7d,0.9472140762463344
tpay_new_dev_app_avg_amt_1d,0.9473415784776233
tpay_new_dev_app_distinct_users_1d,0.9473415784776233
tpay_new_dev_app_qty_1d,0.9473415784776233
tpay_new_dev_ratio_over_total_1d,0.9473415784776233
tpay_new_dev_app_max_amt_1d,0.9473415784776233
tpay_new_dev_app_amt_1d,0.9473415784776233
growth_rate_1h_od_15d,0.9478515874027795
tpay_new_dev_rej_hr_amt_1d,0.9505291342598495
tpay_new_dev_rej_hr_distinct_users_1d,0.9505291342598495
tpay_new_dev_rej_hr_qty_1d,0.9505291342598495
tpay_card_transfer_amt_90d,0.95180415657274
tpay_card_transfer_qty_90d,0.95180415657274
tpay_card_regular_app_qty_90d,0.9520591610353181
tpay_card_regular_app_amt_90d,0.9520591610353181
tpay_card_regular_app_distinct_users_90d,0.9520591610353181
tpay_mpos_amt_90d,0.9520591610353181
tpay_mpos_qty_90d,0.9520591610353181
tpay_as_payer_accmoney_transfer_amt_7d,0.9523141654978962
tpay_as_payer_accmoney_transfer_distinct_users_7d,0.9523141654978962
tpay_as_payer_accmoney_transfer_qty_7d,0.9523141654978962
tpay_as_payer_accmoney_transfer_app_amt_7d,0.9547367078923881
tpay_as_payer_accmoney_transfer_app_qty_7d,0.9547367078923881
tpay_mpos_app_amt_90d,0.9548642101236772
tpay_mpos_app_qty_90d,0.9548642101236772
tpay_on_app_max_amt_90d,0.9549917123549662
tpay_on_app_distinct_users_90d,0.9549917123549662
tpay_on_app_qty_90d,0.9549917123549662
tpay_on_ratio_over_total_90d,0.9549917123549662
tpay_on_app_amt_90d,0.9549917123549662
tpay_all_transfer_amt_7d,0.9551192145862553
tpay_all_transfer_qty_7d,0.9551192145862553
tpay_as_payer_all_transfer_rej_qty_30d,0.9569042458243019
tpay_as_payer_all_transfer_rej_amt_30d,0.9569042458243019
tpay_as_payer_ticket_regular_app_qty_30d,0.957031748055591
tpay_as_payer_ticket_regular_app_amt_30d,0.957031748055591
tpay_as_payer_card_transfer_rej_qty_30d,0.9572867525181691
tpay_as_payer_card_transfer_rej_amt_30d,0.9572867525181691
tpay_all_transfer_app_amt_7d,0.9589442815249267
tpay_all_transfer_app_qty_7d,0.9589442815249267
tpay_all_transfer_app_distinct_users_7d,0.9589442815249267
tpay_as_payer_new_dev_app_qty_1d,0.9590717837562157
tpay_as_payer_new_dev_app_distinct_users_1d,0.9590717837562157
tpay_as_payer_new_dev_app_amt_1d,0.9590717837562157
tpay_as_payer_card_transfer_app_qty_90d,0.9591992859875048
tpay_as_payer_card_transfer_app_amt_90d,0.9591992859875048
tpay_fp_user_n_app_qty_30d,0.9593267882187938
tpay_fp_user_n_app_amt_30d,0.9593267882187938
tpay_fp_user_n_app_max_amt_30d,0.9593267882187938
tpay_fp_user_n_app_distinct_users_30d,0.9593267882187938
tpay_fp_all_n_app_qty_30d,0.9594542904500829
tpay_fp_all_n_app_max_amt_30d,0.9594542904500829
tpay_no_free_pass_ratio_over_free_pass_aplicable_30d,0.9594542904500829
tpay_fp_all_n_app_distinct_users_30d,0.9594542904500829
tpay_fp_all_n_app_amt_30d,0.9594542904500829
tpay_card_regular_amt_30d,0.959709294912661
tpay_card_regular_qty_30d,0.959709294912661
tpay_as_payer_card_regular_canc_qty_30d,0.9606018105316843
tpay_as_payer_card_regular_canc_amt_30d,0.9606018105316843
tpay_all_accfund_canc_amt_1d,0.9609843172255514
tpay_all_accfund_canc_qty_1d,0.9609843172255514
tpay_accmoney_regular_qty_30d,0.9612393216881295
tpay_accmoney_regular_amt_30d,0.9612393216881295
tpay_new_dev_ratio_over_registered_30d,0.9613668239194186
tpay_accmoney_regular_app_amt_30d,0.962386841769731
tpay_accmoney_regular_app_distinct_users_30d,0.962386841769731
tpay_accmoney_regular_app_qty_30d,0.962386841769731
tpay_mpos_qty_30d,0.96251434400102
tpay_as_payer_accmoney_regular_rej_qty_30d,0.96251434400102
tpay_fp_doc_n_rej_amt_30d,0.96251434400102
tpay_fp_doc_n_rej_qty_30d,0.96251434400102
tpay_as_payer_accmoney_regular_rej_amt_30d,0.96251434400102
tpay_mpos_amt_30d,0.96251434400102
tpay_accmoney_transfer_amt_7d,0.9626418462323091
tpay_accmoney_transfer_qty_7d,0.9626418462323091
tpay_fp_doc_n_rej_hr_distinct_users_90d,0.9627693484635981
tpay_fp_doc_n_rej_hr_amt_90d,0.9627693484635981
tpay_fp_doc_n_rej_hr_qty_90d,0.9627693484635981
tpay_fp_user_y_app_distinct_users_7d,0.9630243529261762
tpay_fp_user_y_app_amt_7d,0.9630243529261762
tpay_fp_user_y_app_qty_7d,0.9630243529261762
tpay_accmoney_transfer_app_distinct_users_7d,0.9637893663139105
tpay_accmoney_transfer_app_qty_7d,0.9637893663139105
tpay_accmoney_transfer_app_amt_7d,0.9637893663139105
tpay_dcard_accfund_canc_amt_1d,0.9639168685451995
tpay_dcard_accfund_canc_qty_1d,0.9639168685451995
tpay_mpos_app_qty_30d,0.9649368863955119
tpay_mpos_app_amt_30d,0.9649368863955119
tpay_all_regular_rej_qty_90d,0.965064388626801
tpay_all_regular_rej_amt_90d,0.965064388626801
tpay_as_payer_card_transfer_qty_7d,0.9660844064771134
tpay_as_payer_card_transfer_amt_7d,0.9660844064771134
tpay_as_payer_card_transfer_distinct_users_7d,0.9660844064771134
tpay_card_regular_rej_qty_90d,0.9664669131709804
tpay_card_regular_rej_amt_90d,0.9664669131709804
tpay_registered_rej_hr_amt_90d,0.9669769220961367
tpay_registered_rej_hr_qty_90d,0.9669769220961367
tpay_registered_rej_hr_distinct_users_90d,0.9669769220961367
tpay_all_regular_qty_7d,0.9681244421777381
tpay_all_transfer_rej_qty_90d,0.9681244421777381
tpay_all_regular_amt_7d,0.9681244421777381
growth_rate_1h_ht_2d,0.9681244421777381
tpay_all_transfer_rej_amt_90d,0.9681244421777381
tpay_as_payer_all_transfer_qty_1d,0.9685069488716053
tpay_as_payer_all_transfer_distinct_users_1d,0.9685069488716053
tpay_as_payer_all_transfer_amt_1d,0.9685069488716053
tpay_d0_app_qty_90d,0.9686344511028943
tpay_d0_app_amt_90d,0.9686344511028943
tpay_d0_app_distinct_users_90d,0.9686344511028943
tpay_d0_ratio_over_total_90d,0.9686344511028943
tpay_card_transfer_rej_amt_90d,0.9691444600280505
tpay_card_transfer_rej_qty_90d,0.9691444600280505
tpay_card_transfer_amt_30d,0.9695269667219176
tpay_card_transfer_qty_30d,0.9695269667219176
tpay_card_transfer_app_qty_90d,0.9702919801096519
tpay_card_transfer_app_distinct_users_90d,0.9702919801096519
tpay_card_transfer_app_amt_90d,0.9702919801096519
tpay_card_regular_app_distinct_users_30d,0.97054698457223
tpay_card_regular_app_qty_30d,0.97054698457223
tpay_card_regular_app_amt_30d,0.97054698457223
tpay_all_regular_app_amt_7d,0.9709294912660972
tpay_all_regular_app_distinct_users_7d,0.9709294912660972
tpay_all_regular_app_qty_7d,0.9709294912660972
tpay_mpos_rej_amt_90d,0.9719495091164095
tpay_mpos_rej_qty_90d,0.9719495091164095
tpay_fp_user_n_rej_amt_90d,0.9720770113476986
tpay_fp_user_n_rej_qty_90d,0.9720770113476986
tpay_fp_all_n_rej_amt_90d,0.9723320158102767
tpay_fp_all_n_rej_qty_90d,0.9723320158102767
tpay_on_app_distinct_users_30d,0.9724595180415657
tpay_on_ratio_over_total_30d,0.9724595180415657
tpay_on_app_qty_30d,0.9724595180415657
tpay_as_payer_card_transfer_app_qty_30d,0.9724595180415657
tpay_on_app_amt_30d,0.9724595180415657
tpay_on_app_max_amt_30d,0.9724595180415657
tpay_as_payer_card_transfer_app_amt_30d,0.9724595180415657
growth_rate_1h_oc_2d,0.9727145225041438
tpay_ticket_regular_amt_90d,0.9736070381231672
tpay_ticket_regular_qty_90d,0.9736070381231672
tpay_as_payer_all_regular_canc_amt_1d,0.9742445492796123
tpay_as_payer_all_regular_canc_qty_1d,0.9742445492796123
tpay_new_user_ratio_over_registered_90d,0.9744995537421904
tpay_new_user_app_avg_amt_90d,0.9744995537421904
tpay_new_user_app_max_amt_90d,0.9744995537421904
tpay_new_user_app_amt_90d,0.9744995537421904
tpay_new_user_ratio_over_total_90d,0.9744995537421904
tpay_new_user_app_qty_90d,0.9744995537421904
tpay_new_user_app_distinct_users_90d,0.9744995537421904
crosses_qty_1h_ht_fraud_maybe_user_count,0.9747545582047685
tpay_as_payer_all_transfer_rej_qty_7d,0.9753920693612138
tpay_as_payer_all_transfer_rej_amt_7d,0.9753920693612138
tpay_as_payer_card_transfer_rej_qty_7d,0.9756470738237919
tpay_as_payer_card_transfer_rej_amt_7d,0.9756470738237919
growth_rate_1h_od_7d,0.9760295805176591
tpay_all_regular_rej_qty_30d,0.9769220961366823
tpay_all_regular_rej_amt_30d,0.9769220961366823
tpay_fp_all_n_rej_hr_distinct_users_90d,0.9770495983679715
tpay_fp_all_n_rej_hr_amt_90d,0.9770495983679715
tpay_fp_all_n_rej_hr_qty_90d,0.9770495983679715
tpay_fp_user_n_rej_hr_qty_90d,0.9770495983679715
tpay_fp_user_n_rej_hr_distinct_users_90d,0.9770495983679715
tpay_fp_user_n_rej_hr_amt_90d,0.9770495983679715
growth_rate_1h_ht_1d,0.9771771005992604
tpay_as_payer_all_transfer_app_amt_1d,0.9778146117557057
tpay_as_payer_all_transfer_app_qty_1d,0.9778146117557057
tpay_fp_doc_n_rej_hr_qty_30d,0.9779421139869948
tpay_fp_doc_n_rej_hr_distinct_users_30d,0.9779421139869948
tpay_fp_doc_n_rej_hr_amt_30d,0.9779421139869948
tpay_fp_user_n_app_qty_7d,0.9780696162182838
tpay_card_regular_rej_qty_30d,0.9780696162182838
tpay_fp_user_n_app_amt_7d,0.9780696162182838
tpay_fp_all_n_app_amt_7d,0.9780696162182838
tpay_card_regular_rej_amt_30d,0.9780696162182838
tpay_fp_all_n_app_distinct_users_7d,0.9780696162182838
tpay_fp_user_n_app_distinct_users_7d,0.9780696162182838
tpay_fp_user_n_app_max_amt_7d,0.9780696162182838
tpay_fp_all_n_app_max_amt_7d,0.9780696162182838
tpay_fp_all_n_app_qty_7d,0.9780696162182838
tpay_no_free_pass_ratio_over_free_pass_aplicable_7d,0.9780696162182838
tpay_mpos_qty_7d,0.9795996429937524
tpay_d0_app_amt_30d,0.9795996429937524
tpay_d0_app_distinct_users_30d,0.9795996429937524
tpay_d0_app_qty_30d,0.9795996429937524
tpay_mpos_amt_7d,0.9795996429937524
tpay_d0_ratio_over_total_30d,0.9795996429937524
growth_rate_1h_oc_1d,0.9798546474563304
tpay_as_payer_accmoney_transfer_qty_1d,0.9801096519189085
tpay_as_payer_accmoney_transfer_distinct_users_1d,0.9801096519189085
tpay_on_rej_qty_90d,0.9801096519189085
tpay_on_rej_amt_90d,0.9801096519189085
tpay_as_payer_accmoney_transfer_amt_1d,0.9801096519189085
tpay_all_regular_canc_qty_90d,0.9802371541501976
tpay_all_regular_canc_amt_90d,0.9802371541501976
tpay_as_payer_accmoney_regular_canc_qty_1d,0.9803646563814867
tpay_as_payer_accmoney_regular_canc_amt_1d,0.9803646563814867
tpay_all_transfer_rej_qty_30d,0.9804921586127757
tpay_all_transfer_rej_amt_30d,0.9804921586127757
tpay_ticket_regular_app_amt_90d,0.9807471630753538
tpay_ticket_regular_app_distinct_users_90d,0.9807471630753538
tpay_ticket_regular_app_qty_90d,0.9807471630753538
tpay_registered_rej_hr_qty_30d,0.9808746653066429
tpay_registered_rej_hr_amt_30d,0.9808746653066429
tpay_registered_rej_hr_distinct_users_30d,0.9808746653066429
tpay_as_payer_ticket_regular_qty_7d,0.9810021675379319
tpay_as_payer_ticket_regular_distinct_users_7d,0.9810021675379319
tpay_as_payer_accmoney_transfer_app_amt_1d,0.9810021675379319
tpay_as_payer_accmoney_transfer_app_qty_1d,0.9810021675379319
tpay_as_payer_ticket_regular_amt_7d,0.9810021675379319
tpay_card_transfer_app_amt_30d,0.981129669769221
tpay_card_transfer_app_qty_30d,0.981129669769221
tpay_card_transfer_app_distinct_users_30d,0.981129669769221
tpay_outbound_regular_qty_90d,0.98125717200051
tpay_outbound_regular_amt_90d,0.98125717200051
tpay_off_app_distinct_users_1d,0.9813846742317991
tpay_off_app_max_amt_1d,0.9813846742317991
tpay_mpos_app_amt_7d,0.9813846742317991
tpay_mpos_app_qty_7d,0.9813846742317991
tpay_off_ratio_over_total_1d,0.9813846742317991
tpay_off_app_amt_1d,0.9813846742317991
tpay_off_app_qty_1d,0.9813846742317991
tpay_card_transfer_rej_qty_30d,0.9815121764630881
tpay_card_transfer_rej_amt_30d,0.9815121764630881
tpay_registered_ratio_over_total_1d,0.9817671809256662
tpay_registered_app_amt_1d,0.9817671809256662
tpay_registered_app_qty_1d,0.9817671809256662
tpay_as_payer_card_regular_canc_amt_7d,0.9817671809256662
tpay_registered_app_distinct_users_1d,0.9817671809256662
tpay_as_payer_card_regular_canc_qty_7d,0.9817671809256662
tpay_api_app_amt_1d,0.9824046920821115
tpay_api_app_max_amt_1d,0.9824046920821115
tpay_api_ratio_over_total_1d,0.9824046920821115
tpay_api_app_qty_1d,0.9824046920821115
tpay_api_app_distinct_users_1d,0.9824046920821115
tpay_card_regular_amt_7d,0.9825321943134004
tpay_card_regular_qty_7d,0.9825321943134004
tpay_qr_app_max_amt_90d,0.9826596965446895
tpay_fp_doc_n_app_distinct_users_1d,0.9826596965446895
tpay_qr_app_distinct_users_90d,0.9826596965446895
tpay_qr_app_qty_90d,0.9826596965446895
tpay_fp_doc_n_app_qty_1d,0.9826596965446895
tpay_qr_ratio_over_total_90d,0.9826596965446895
tpay_qr_app_amt_90d,0.9826596965446895
tpay_fp_doc_n_app_amt_1d,0.9826596965446895
tpay_fp_doc_n_app_max_amt_1d,0.9826596965446895
tpay_as_payer_accmoney_regular_rej_qty_7d,0.9834247099324238
tpay_as_payer_accmoney_regular_rej_amt_7d,0.9834247099324238
tpay_outbound_regular_app_amt_90d,0.9834247099324238
tpay_outbound_regular_app_qty_90d,0.9834247099324238
tpay_fp_user_n_rej_qty_30d,0.98393471885758
tpay_on_ratio_over_total_7d,0.98393471885758
tpay_on_app_max_amt_7d,0.98393471885758
tpay_on_app_qty_7d,0.98393471885758
tpay_fp_all_n_rej_amt_30d,0.98393471885758
tpay_on_app_amt_7d,0.98393471885758
tpay_on_app_distinct_users_7d,0.98393471885758
tpay_fp_user_n_rej_amt_30d,0.98393471885758
tpay_fp_all_n_rej_qty_30d,0.98393471885758
tpay_as_payer_all_transfer_canc_qty_90d,0.9840622210888691
tpay_as_payer_all_transfer_canc_amt_90d,0.9840622210888691
tpay_ticket_regular_canc_qty_90d,0.9841897233201581
tpay_ticket_regular_canc_amt_90d,0.9841897233201581
tpay_mpos_rej_qty_30d,0.9843172255514472
tpay_mpos_rej_amt_30d,0.9843172255514472
tpay_ticket_regular_qty_30d,0.9845722300140253
tpay_ticket_regular_amt_30d,0.9845722300140253
tpay_as_payer_card_transfer_amt_1d,0.9846997322453143
tpay_as_payer_card_transfer_distinct_users_1d,0.9846997322453143
tpay_as_payer_card_transfer_qty_1d,0.9846997322453143
crosses_qty_1h_od_fraud_maybe_user_count,0.9848272344766034
tpay_accmoney_regular_amt_7d,0.9849547367078924
tpay_accmoney_regular_qty_7d,0.9849547367078924
tpay_as_payer_card_transfer_app_qty_7d,0.9850822389391815
tpay_as_payer_ticket_regular_canc_qty_30d,0.9850822389391815
tpay_card_regular_app_amt_7d,0.9850822389391815
tpay_as_payer_card_transfer_app_amt_7d,0.9850822389391815
tpay_card_regular_app_distinct_users_7d,0.9850822389391815
tpay_card_regular_app_qty_7d,0.9850822389391815
tpay_as_payer_ticket_regular_canc_amt_30d,0.9850822389391815
tpay_accmoney_regular_app_qty_7d,0.9852097411704704
tpay_accmoney_regular_app_distinct_users_7d,0.9852097411704704
tpay_accmoney_regular_app_amt_7d,0.9852097411704704
tpay_new_user_rej_hr_amt_90d,0.9855922478643376
tpay_all_transfer_amt_1d,0.9855922478643376
tpay_new_user_rej_hr_qty_90d,0.9855922478643376
tpay_all_transfer_qty_1d,0.9855922478643376
tpay_new_user_rej_hr_distinct_users_90d,0.9855922478643376
crosses_qty_1h_ht_fraud_almost_user_count,0.9857197500956266
crosses_qty_1h_oc_fraud_maybe_user_count,0.9858472523269157
tpay_as_payer_card_transfer_canc_qty_90d,0.9861022567894938
tpay_as_payer_card_transfer_canc_amt_90d,0.9861022567894938
tpay_new_dev_ratio_over_registered_7d,0.9863572612520719
tpay_fp_doc_n_rej_amt_7d,0.98661226571465
tpay_fp_doc_n_rej_qty_7d,0.98661226571465
tpay_as_payer_card_transfer_rej_amt_1d,0.9867397679459391
tpay_as_payer_card_transfer_rej_qty_1d,0.9867397679459391
tpay_as_payer_all_transfer_rej_qty_1d,0.9867397679459391
tpay_as_payer_all_transfer_rej_amt_1d,0.9867397679459391
tpay_ticket_regular_app_amt_30d,0.9872497768710953
tpay_ticket_regular_app_distinct_users_30d,0.9872497768710953
tpay_ticket_regular_app_qty_30d,0.9872497768710953
tpay_qr_app_max_amt_30d,0.9873772791023843
tpay_fp_all_n_rej_hr_amt_30d,0.9873772791023843
tpay_qr_ratio_over_total_30d,0.9873772791023843
tpay_fp_user_n_rej_hr_amt_30d,0.9873772791023843
tpay_fp_user_n_rej_hr_distinct_users_30d,0.9873772791023843
tpay_fp_all_n_rej_hr_qty_30d,0.9873772791023843
tpay_qr_app_amt_30d,0.9873772791023843
tpay_qr_app_qty_30d,0.9873772791023843
tpay_fp_all_n_rej_hr_distinct_users_30d,0.9873772791023843
tpay_qr_app_distinct_users_30d,0.9873772791023843
tpay_fp_user_n_rej_hr_qty_30d,0.9873772791023843
tpay_all_transfer_app_distinct_users_1d,0.9878872880275404
tpay_all_transfer_app_amt_1d,0.9878872880275404
tpay_all_transfer_app_qty_1d,0.9878872880275404
crosses_qty_1h_oc_fraud_almost_user_count,0.9881422924901185
tpay_on_rej_qty_30d,0.9882697947214076
tpay_accmoney_transfer_amt_1d,0.9882697947214076
tpay_accmoney_transfer_qty_1d,0.9882697947214076
tpay_card_transfer_qty_7d,0.9882697947214076
tpay_card_transfer_amt_7d,0.9882697947214076
tpay_on_rej_amt_30d,0.9882697947214076
tpay_off_rej_qty_90d,0.9885247991839857
tpay_off_rej_amt_90d,0.9885247991839857
tpay_as_payer_all_transfer_canc_amt_30d,0.9886523014152747
tpay_new_user_ratio_over_registered_30d,0.9886523014152747
tpay_new_user_app_max_amt_30d,0.9886523014152747
tpay_new_user_app_qty_30d,0.9886523014152747
tpay_new_user_app_distinct_users_30d,0.9886523014152747
tpay_as_payer_all_transfer_canc_qty_30d,0.9886523014152747
tpay_new_user_ratio_over_total_30d,0.9886523014152747
tpay_new_user_app_avg_amt_30d,0.9886523014152747
tpay_new_user_app_amt_30d,0.9886523014152747
tpay_all_regular_qty_1d,0.9887798036465638
tpay_fp_user_y_app_amt_1d,0.9887798036465638
tpay_fp_user_y_app_distinct_users_1d,0.9887798036465638
tpay_fp_user_y_app_qty_1d,0.9887798036465638
tpay_all_regular_amt_1d,0.9887798036465638
tpay_accmoney_transfer_app_distinct_users_1d,0.9890348081091419
tpay_accmoney_transfer_app_amt_1d,0.9890348081091419
tpay_accmoney_transfer_app_qty_1d,0.9890348081091419
tpay_as_payer_all_regular_cbk_qty_90d,0.9895448170342981
tpay_as_payer_all_regular_cbk_amt_90d,0.9895448170342981
tpay_d0_ratio_over_total_7d,0.9899273237281653
tpay_d0_app_amt_7d,0.9899273237281653
tpay_d0_app_distinct_users_7d,0.9899273237281653
tpay_d0_app_qty_7d,0.9899273237281653
tpay_all_regular_app_qty_1d,0.9900548259594543
tpay_all_regular_app_amt_1d,0.9900548259594543
tpay_all_regular_app_distinct_users_1d,0.9900548259594543
tpay_as_payer_card_transfer_canc_amt_30d,0.9903098304220324
tpay_as_payer_card_transfer_canc_qty_30d,0.9903098304220324
tpay_off_rej_hr_qty_90d,0.9905648348846104
tpay_off_rej_hr_distinct_users_90d,0.9905648348846104
tpay_off_rej_hr_max_amt_90d,0.9905648348846104
tpay_off_rej_hr_amt_90d,0.9905648348846104
tpay_outbound_regular_qty_30d,0.9910748438097666
tpay_outbound_regular_amt_30d,0.9910748438097666
tpay_outbound_regular_app_amt_30d,0.9913298482723447
tpay_outbound_regular_app_qty_30d,0.9913298482723447
tpay_mpos_amt_1d,0.9915848527349229
tpay_mpos_qty_1d,0.9915848527349229
tpay_as_payer_ticket_regular_app_qty_7d,0.991839857197501
tpay_as_payer_ticket_regular_app_amt_7d,0.991839857197501
tpay_all_regular_rej_qty_7d,0.99196735942879
tpay_all_regular_rej_amt_7d,0.99196735942879
tpay_mpos_app_qty_1d,0.9922223638913681
tpay_mpos_app_amt_1d,0.9922223638913681
tpay_card_regular_rej_amt_7d,0.9922223638913681
tpay_card_regular_rej_qty_7d,0.9922223638913681
tpay_off_rej_amt_30d,0.9923498661226572
tpay_all_transfer_canc_amt_90d,0.9923498661226572
tpay_off_rej_qty_30d,0.9923498661226572
tpay_all_transfer_canc_qty_90d,0.9923498661226572
tpay_accmoney_regular_canc_qty_90d,0.9926048705852353
tpay_accmoney_regular_canc_amt_90d,0.9926048705852353
growth_rate_1h_od_2d,0.9926048705852353
tpay_fp_user_n_app_amt_1d,0.9927323728165243
tpay_fp_all_n_app_max_amt_1d,0.9927323728165243
tpay_as_payer_card_regular_canc_qty_1d,0.9927323728165243
tpay_fp_user_n_app_qty_1d,0.9927323728165243
tpay_fp_user_n_app_max_amt_1d,0.9927323728165243
tpay_fp_all_n_app_qty_1d,0.9927323728165243
tpay_as_payer_card_regular_canc_amt_1d,0.9927323728165243
tpay_no_free_pass_ratio_over_free_pass_aplicable_1d,0.9927323728165243
tpay_fp_user_n_app_distinct_users_1d,0.9927323728165243
tpay_fp_all_n_app_amt_1d,0.9927323728165243
tpay_fp_all_n_app_distinct_users_1d,0.9927323728165243
tpay_qr_rej_qty_90d,0.9928598750478134
tpay_fp_doc_n_rej_hr_amt_7d,0.9928598750478134
tpay_qr_rej_amt_90d,0.9928598750478134
tpay_registered_rej_hr_distinct_users_7d,0.9928598750478134
tpay_all_regular_canc_qty_30d,0.9928598750478134
tpay_fp_doc_n_rej_hr_distinct_users_7d,0.9928598750478134
tpay_registered_rej_hr_qty_7d,0.9928598750478134
tpay_fp_doc_n_rej_hr_qty_7d,0.9928598750478134
tpay_all_regular_canc_amt_30d,0.9928598750478134
tpay_registered_rej_hr_amt_7d,0.9928598750478134
tpay_guest_rej_hr_distinct_users_90d,0.9931148795103915
tpay_guest_rej_hr_amt_90d,0.9931148795103915
tpay_guest_rej_hr_qty_90d,0.9931148795103915
tpay_card_transfer_app_amt_7d,0.9932423817416804
tpay_as_payer_card_regular_cbk_amt_90d,0.9932423817416804
tpay_as_payer_accmoney_transfer_rej_amt_90d,0.9932423817416804
tpay_on_app_max_amt_1d,0.9932423817416804
tpay_on_ratio_over_total_1d,0.9932423817416804
tpay_on_app_distinct_users_1d,0.9932423817416804
tpay_on_app_amt_1d,0.9932423817416804
tpay_on_app_qty_1d,0.9932423817416804
tpay_as_payer_card_regular_cbk_qty_90d,0.9932423817416804
tpay_card_transfer_app_qty_7d,0.9932423817416804
tpay_as_payer_accmoney_transfer_rej_qty_90d,0.9932423817416804
tpay_card_transfer_app_distinct_users_7d,0.9932423817416804
tpay_as_payer_all_transfer_canc_qty_7d,0.9934973862042585
tpay_qr_ratio_over_total_7d,0.9934973862042585
tpay_qr_app_amt_7d,0.9934973862042585
tpay_qr_app_distinct_users_7d,0.9934973862042585
tpay_new_user_rej_hr_qty_30d,0.9934973862042585
tpay_new_user_rej_hr_distinct_users_30d,0.9934973862042585
tpay_qr_app_qty_7d,0.9934973862042585
tpay_qr_app_max_amt_7d,0.9934973862042585
tpay_new_user_rej_hr_amt_30d,0.9934973862042585
tpay_as_payer_all_transfer_canc_amt_7d,0.9934973862042585
tpay_on_rej_hr_amt_90d,0.9936248884355476
tpay_qr_rej_hr_amt_90d,0.9936248884355476
tpay_off_rej_hr_qty_30d,0.9936248884355476
tpay_off_rej_hr_max_amt_30d,0.9936248884355476
tpay_on_rej_hr_qty_90d,0.9936248884355476
tpay_qr_rej_hr_max_amt_90d,0.9936248884355476
tpay_off_rej_hr_distinct_users_30d,0.9936248884355476
tpay_on_rej_hr_distinct_users_90d,0.9936248884355476
tpay_off_rej_hr_amt_30d,0.9936248884355476
tpay_qr_rej_hr_qty_90d,0.9936248884355476
tpay_on_rej_hr_max_amt_90d,0.9936248884355476
tpay_qr_rej_hr_distinct_users_90d,0.9936248884355476
tpay_all_transfer_rej_amt_7d,0.9937523906668366
tpay_card_transfer_canc_qty_90d,0.9937523906668366
tpay_card_transfer_canc_amt_90d,0.9937523906668366
tpay_all_transfer_rej_qty_7d,0.9937523906668366
tpay_mpos_rej_amt_7d,0.9938798928981257
tpay_as_payer_accmoney_regular_rej_amt_1d,0.9938798928981257
tpay_mpos_rej_qty_7d,0.9938798928981257
tpay_as_payer_accmoney_regular_rej_qty_1d,0.9938798928981257
tpay_as_payer_accmoney_transfer_rej_qty_30d,0.9940073951294147
tpay_as_payer_accmoney_transfer_rej_amt_30d,0.9940073951294147
tpay_card_transfer_rej_amt_7d,0.9940073951294147
tpay_card_transfer_rej_qty_7d,0.9940073951294147
tpay_fp_user_n_rej_qty_7d,0.9941348973607038
tpay_fp_all_n_rej_amt_7d,0.9941348973607038
tpay_fp_user_n_rej_amt_7d,0.9941348973607038
tpay_fp_all_n_rej_qty_7d,0.9941348973607038
tpay_qr_rej_qty_30d,0.9942623995919928
tpay_card_regular_amt_1d,0.9942623995919928
tpay_card_regular_qty_1d,0.9942623995919928
tpay_qr_rej_amt_30d,0.9942623995919928
tpay_outbound_regular_qty_7d,0.9943899018232819
tpay_ticket_regular_canc_amt_30d,0.9943899018232819
tpay_outbound_regular_amt_7d,0.9943899018232819
tpay_ticket_regular_canc_qty_30d,0.9943899018232819
tpay_outbound_regular_app_qty_7d,0.994517404054571
tpay_ticket_regular_amt_7d,0.994517404054571
tpay_on_rej_qty_7d,0.994517404054571
tpay_ticket_regular_qty_7d,0.994517404054571
tpay_on_rej_amt_7d,0.994517404054571
tpay_outbound_regular_app_amt_7d,0.994517404054571
tpay_as_payer_ticket_regular_amt_1d,0.99464490628586
tpay_as_payer_ticket_regular_qty_1d,0.99464490628586
tpay_as_payer_card_transfer_canc_qty_7d,0.99464490628586
tpay_as_payer_card_transfer_canc_amt_7d,0.99464490628586
tpay_as_payer_ticket_regular_distinct_users_1d,0.99464490628586
tpay_new_user_app_avg_amt_7d,0.9947724085171491
tpay_new_user_app_distinct_users_7d,0.9947724085171491
tpay_new_user_app_max_amt_7d,0.9947724085171491
tpay_new_user_app_amt_7d,0.9947724085171491
tpay_new_user_ratio_over_registered_7d,0.9947724085171491
tpay_new_user_app_qty_7d,0.9947724085171491
tpay_new_user_ratio_over_total_7d,0.9947724085171491
tpay_qr_rej_hr_max_amt_30d,0.9948999107484381
tpay_qr_rej_hr_distinct_users_30d,0.9948999107484381
tpay_qr_rej_hr_amt_30d,0.9948999107484381
tpay_qr_rej_hr_qty_30d,0.9948999107484381
crosses_qty_1h_od_fraud_almost_user_count,0.9950274129797272
tpay_card_regular_app_amt_1d,0.9950274129797272
tpay_card_regular_app_distinct_users_1d,0.9950274129797272
tpay_card_regular_app_qty_1d,0.9950274129797272
tpay_fp_doc_n_rej_amt_1d,0.9952824174423053
tpay_fp_doc_n_rej_qty_1d,0.9952824174423053
tpay_guest_rej_hr_amt_30d,0.9952824174423053
tpay_guest_rej_hr_qty_30d,0.9952824174423053
tpay_guest_rej_hr_distinct_users_30d,0.9952824174423053
tpay_ticket_regular_app_qty_7d,0.9955374219048834
tpay_fp_user_n_rej_hr_distinct_users_7d,0.9955374219048834
tpay_fp_all_n_rej_hr_amt_7d,0.9955374219048834
tpay_ticket_regular_app_distinct_users_7d,0.9955374219048834
tpay_fp_all_n_rej_hr_qty_7d,0.9955374219048834
tpay_guest_app_distinct_users_90d,0.9955374219048834
tpay_ticket_regular_app_amt_7d,0.9955374219048834
tpay_fp_all_n_rej_hr_distinct_users_7d,0.9955374219048834
tpay_accmoney_transfer_rej_amt_90d,0.9955374219048834
tpay_fp_user_n_rej_hr_amt_7d,0.9955374219048834
tpay_guest_app_amt_90d,0.9955374219048834
tpay_guest_ratio_over_total_90d,0.9955374219048834
tpay_guest_app_qty_90d,0.9955374219048834
tpay_accmoney_transfer_rej_qty_90d,0.9955374219048834
tpay_fp_user_n_rej_hr_qty_7d,0.9955374219048834
tpay_card_transfer_qty_1d,0.9960474308300395
tpay_card_transfer_amt_1d,0.9960474308300395
tpay_as_payer_all_regular_cbk_amt_30d,0.9961749330613285
tpay_as_payer_all_regular_cbk_qty_30d,0.9961749330613285
growth_rate_1h_od_1d,0.9961749330613285
tpay_as_payer_card_transfer_app_amt_1d,0.9963024352926176
tpay_all_transfer_canc_amt_30d,0.9963024352926176
tpay_all_transfer_canc_qty_30d,0.9963024352926176
tpay_as_payer_card_transfer_app_qty_1d,0.9963024352926176
tpay_as_payer_card_regular_cbk_qty_30d,0.9965574397551957
crosses_qty_1h_ht_fraud_tko_user_count,0.9965574397551957
tpay_as_payer_card_regular_cbk_amt_30d,0.9965574397551957
tpay_new_dev_ratio_over_registered_1d,0.9965574397551957
tpay_card_transfer_canc_amt_30d,0.9966849419864847
tpay_card_regular_canc_amt_90d,0.9966849419864847
tpay_accmoney_transfer_rej_qty_30d,0.9966849419864847
tpay_accmoney_regular_qty_1d,0.9966849419864847
tpay_accmoney_transfer_rej_amt_30d,0.9966849419864847
tpay_accmoney_regular_amt_1d,0.9966849419864847
tpay_card_transfer_canc_qty_30d,0.9966849419864847
tpay_as_payer_accmoney_transfer_canc_qty_90d,0.9966849419864847
tpay_card_regular_canc_qty_90d,0.9966849419864847
tpay_as_payer_accmoney_transfer_canc_amt_90d,0.9966849419864847
tpay_accmoney_regular_app_distinct_users_1d,0.9969399464490628
tpay_accmoney_regular_app_amt_1d,0.9969399464490628
tpay_as_payer_ticket_regular_canc_amt_7d,0.9969399464490628
tpay_accmoney_regular_app_qty_1d,0.9969399464490628
tpay_as_payer_ticket_regular_canc_qty_7d,0.9969399464490628
tpay_as_payer_accmoney_transfer_canc_qty_30d,0.9970674486803519
tpay_fp_doc_n_rej_hr_qty_1d,0.9970674486803519
tpay_fp_doc_n_rej_hr_distinct_users_1d,0.9970674486803519
tpay_fp_doc_n_rej_hr_amt_1d,0.9970674486803519
tpay_as_payer_accmoney_transfer_canc_amt_30d,0.9970674486803519
tpay_as_payer_all_transfer_canc_qty_1d,0.9971949509116409
tpay_outbound_regular_amt_1d,0.9971949509116409
tpay_all_transfer_rej_qty_1d,0.9971949509116409
tpay_outbound_regular_qty_1d,0.9971949509116409
tpay_as_payer_all_transfer_canc_amt_1d,0.9971949509116409
tpay_all_transfer_rej_amt_1d,0.9971949509116409
tpay_outbound_regular_app_amt_1d,0.9971949509116409
tpay_outbound_regular_app_qty_1d,0.9971949509116409
tpay_accmoney_transfer_canc_qty_90d,0.9971949509116409
tpay_accmoney_transfer_canc_amt_90d,0.9971949509116409
tpay_card_transfer_rej_amt_1d,0.9971949509116409
tpay_card_transfer_rej_qty_1d,0.9971949509116409
tpay_as_payer_accmoney_transfer_rej_amt_7d,0.99732245314293
tpay_registered_rej_hr_amt_1d,0.99732245314293
tpay_guest_app_qty_30d,0.99732245314293
tpay_as_payer_card_transfer_canc_amt_1d,0.99732245314293
tpay_guest_app_amt_30d,0.99732245314293
tpay_on_rej_hr_amt_30d,0.99732245314293
tpay_on_rej_hr_distinct_users_30d,0.99732245314293
tpay_guest_app_distinct_users_30d,0.99732245314293
tpay_on_rej_hr_qty_30d,0.99732245314293
tpay_on_rej_hr_max_amt_30d,0.99732245314293
tpay_registered_rej_hr_distinct_users_1d,0.99732245314293
tpay_as_payer_accmoney_transfer_rej_qty_7d,0.99732245314293
tpay_registered_rej_hr_qty_1d,0.99732245314293
tpay_as_payer_card_transfer_canc_qty_1d,0.99732245314293
tpay_guest_ratio_over_total_30d,0.99732245314293
tpay_mpos_rej_amt_1d,0.9974499553742191
tpay_mpos_rej_qty_1d,0.9974499553742191
tpay_d0_app_qty_1d,0.9975774576055081
tpay_d0_app_distinct_users_1d,0.9975774576055081
tpay_d0_ratio_over_total_1d,0.9975774576055081
crosses_qty_1h_oc_fraud_tko_user_count,0.9975774576055081
tpay_d0_app_amt_1d,0.9975774576055081
tpay_qr_app_qty_1d,0.9979599642993753
tpay_all_regular_rej_amt_1d,0.9979599642993753
tpay_qr_app_max_amt_1d,0.9979599642993753
tpay_qr_app_amt_1d,0.9979599642993753
tpay_all_regular_rej_qty_1d,0.9979599642993753
tpay_qr_app_distinct_users_1d,0.9979599642993753
tpay_qr_ratio_over_total_1d,0.9979599642993753
tpay_accmoney_regular_canc_qty_30d,0.9980874665306643
tpay_card_regular_rej_qty_1d,0.9980874665306643
tpay_accmoney_regular_canc_amt_30d,0.9980874665306643
tpay_qr_rej_amt_7d,0.9982149687619534
tpay_as_payer_ticket_regular_app_amt_1d,0.9982149687619534
tpay_qr_rej_qty_7d,0.9982149687619534
tpay_as_payer_ticket_regular_app_qty_1d,0.9982149687619534
tpay_accmoney_transfer_canc_amt_30d,0.9982149687619534
tpay_accmoney_transfer_canc_qty_30d,0.9982149687619534
tpay_off_rej_qty_7d,0.9983424709932424
tpay_all_regular_canc_qty_7d,0.9983424709932424
tpay_fp_all_n_rej_amt_1d,0.9983424709932424
tpay_qr_rej_hr_qty_7d,0.9983424709932424
tpay_fp_all_n_rej_qty_1d,0.9983424709932424
tpay_new_user_app_max_amt_1d,0.9983424709932424
tpay_new_user_app_distinct_users_1d,0.9983424709932424
tpay_all_regular_canc_amt_7d,0.9983424709932424
tpay_new_user_ratio_over_total_1d,0.9983424709932424
tpay_new_user_app_avg_amt_1d,0.9983424709932424
tpay_qr_rej_hr_amt_7d,0.9983424709932424
tpay_fp_user_n_rej_amt_1d,0.9983424709932424
tpay_new_user_app_amt_1d,0.9983424709932424
tpay_qr_rej_hr_max_amt_7d,0.9983424709932424
tpay_qr_rej_hr_distinct_users_7d,0.9983424709932424
tpay_off_rej_amt_7d,0.9983424709932424
tpay_fp_user_n_rej_qty_1d,0.9983424709932424
tpay_new_user_app_qty_1d,0.9983424709932424
tpay_new_user_ratio_over_registered_1d,0.9983424709932424
tpay_off_rej_hr_qty_7d,0.9984699732245315
tpay_new_user_rej_hr_amt_7d,0.9984699732245315
tpay_new_user_rej_hr_qty_7d,0.9984699732245315
tpay_off_rej_hr_amt_7d,0.9984699732245315
tpay_off_rej_hr_distinct_users_7d,0.9984699732245315
tpay_all_accfund_cbk_amt_90d,0.9984699732245315
tpay_all_accfund_cbk_qty_90d,0.9984699732245315
tpay_new_user_rej_hr_distinct_users_7d,0.9984699732245315
tpay_off_rej_hr_max_amt_7d,0.9984699732245315
tpay_all_transfer_canc_amt_7d,0.9985974754558204
tpay_all_transfer_canc_qty_7d,0.9985974754558204
tpay_card_transfer_app_qty_1d,0.9987249776871095
tpay_all_regular_cbk_qty_90d,0.9987249776871095
tpay_card_transfer_app_amt_1d,0.9987249776871095
tpay_on_rej_qty_1d,0.9987249776871095
tpay_all_regular_cbk_amt_90d,0.9987249776871095
tpay_card_transfer_app_distinct_users_1d,0.9987249776871095
tpay_as_payer_accmoney_transfer_canc_amt_7d,0.9988524799183985
tpay_as_payer_accmoney_transfer_canc_qty_7d,0.9988524799183985
tpay_fp_user_n_rej_hr_qty_1d,0.9988524799183985
tpay_fp_user_n_rej_hr_amt_1d,0.9988524799183985
tpay_fp_all_n_rej_hr_qty_1d,0.9988524799183985
tpay_fp_user_n_rej_hr_distinct_users_1d,0.9988524799183985
tpay_fp_all_n_rej_hr_distinct_users_1d,0.9988524799183985
tpay_fp_all_n_rej_hr_amt_1d,0.9988524799183985
tpay_ticket_regular_amt_1d,0.9989799821496876
tpay_ticket_regular_qty_1d,0.9989799821496876
crosses_qty_1h_od_fraud_tko_user_count,0.9989799821496876
tpay_accmoney_transfer_rej_amt_7d,0.9989799821496876
tpay_api_rej_amt_90d,0.9989799821496876
tpay_api_rej_qty_90d,0.9989799821496876
tpay_accmoney_transfer_rej_qty_7d,0.9989799821496876
